Workbook

Sheet 备货时间点
B1: 平均日销量 | F1: 库存可售情况 | Q1: 下单备货、海运发货规划
A2: 产品名称 | B2: 近7天销量 | C2: 近14天销量 | D2: 近30天销量 | E2: 平均日销量 | F2: 统计日期 | G2: FBA库存 | H2: FBA库存可售天数 | I2: FBA库存 售完日期 | J2: 在途库存 | K2: 在途库存的 开船日期 | L2: 开船到入仓总时长 | M2: 预估入仓时间 | N2: 总库存 【FBA库存+在途库存】 | O2: 总库存 可售天数 | P2: 总库存 售完日期 | Q2: 开船到入仓 总时长 | R2: 最迟发货日期 （保证不断货） | S2: 最迟发货日期 （保证不断货） | T2: 最迟发货日期前一周的船期 | U2: 该船期对应的截单时间 | V2: 该船期对应的截单时间 | W2: 工厂交期 | X2: 国内运输 时长 | Y2: 货物处理时长 | Z2: 最迟补单日期 | AA2: 最迟补单日期
A3: 产品1 | B3: 208 | C3: 362 | D3: 648 | E3: =ROUND(B3/7*65%+C3/14*20%+D3/30*15%,0) -> 28 | F3: =TODAY() -> 46112 | G3: 762 | H3: =G3/E3 -> 27.214286 | I3: =F3+H3 -> 46139.214 | J3: 1000 | K3: 45545 | L3: 35 | M3: =K3+L3 -> 45580 | N3: =G3+J3 -> 1762 | O3: =N3/E3 -> 62.928571 | P3: =F3+O3 -> 46174.929 | Q3: 35 | R3: =P3-Q3-5 -> 46134.929 | S3: =WEEKDAY(R3) -> 4 | T3: 45568 | U3: =T3-5 -> 45563 | V3: =WEEKDAY(U3) -> 7 | W3: 20 | X3: 3 | Y3: 1 | Z3: =U3-W3-X3-Y3 -> 45539 | AA3: =WEEKDAY(Z3) -> 4
A4: 产品2 | B4: 325 | C4: 554 | D4: 1028 | E4: =ROUND(B4/7*65%+C4/14*20%+D4/30*15%,0) -> 43 | F4: =TODAY() -> 46112 | G4: 1152 | H4: =G4/E4 -> 26.790698 | I4: =F4+H4 -> 46138.791 | J4: 1000 | K4: 45545 | L4: 35 | M4: =K4+L4 -> 45580 | N4: =G4+J4 -> 2152 | O4: =N4/E4 -> 50.046512 | P4: =F4+O4 -> 46162.047 | Q4: 35 | R4: =P4-Q4-5 -> 46122.047 | S4: =WEEKDAY(R4) -> 6 | T4: 45568 | U4: =T4-5 -> 45563 | V4: =WEEKDAY(U4) -> 7 | W4: 20 | X4: 3 | Y4: 1 | Z4: =U4-W4-X4-Y4 -> 45539 | AA4: =WEEKDAY(Z4) -> 4

Sheet 补货数量
A1: 产品名称 | B1: 日均销量 | C1: 工厂交期 | D1: 国内运输时长 | E1: 货物处理时长 | F1: 开船到入仓总时长 | G1: 安全库存天数1 （亚马逊上架问题） | H1: 安全库存天数2 （工厂交期或海运查验问题） | I1: 安全库存天数3（销量涨幅问题） | J1: 其他推广需要的额外库存 （Deal，Prime Day，站外） | K1: 总补货数量
A2: 产品1 | B2: =备货时间点!E3 -> 28 | C2: =备货时间点!W3 -> 20 | D2: =备货时间点!X3 -> 3 | E2: =备货时间点!Y3 -> 1 | F2: =备货时间点!Q3 -> 35 | G2: 8 | H2: 5 | I2: 5 | J2: 200 | K2: =B2*(C2+D2+E2+F2+G2+H2+I2)+J2 -> 2356
A3: 产品2 | B3: =备货时间点!E4 -> 43 | C3: =备货时间点!W4 -> 20 | D3: =备货时间点!X4 -> 3 | E3: =备货时间点!Y4 -> 1 | F3: =备货时间点!Q4 -> 35 | G3: 8 | H3: 5 | I3: 5 | J3: 300 | K3: =B3*(C3+D3+E3+F3+G3+H3+I3)+J3 -> 3611
B6: 备注
B7: 绿色背景的列数据是函数，不需要更改，是自动生成的
B8: G列到J列的数据是根据自己的实际情况，手动填写的

Sheet 库存周转率
A1: 产品名称 | B1: 日均销量 | C1: 工厂采购货本（RMB） | D1: 头程运费（RMB） | E1: 计算周期（天） | F1: 计算周期的期初库存数量 | G1: FBA仓库所有库存 | H1: 已发出的在途库存 | I1: 库存周转率 （库存周转次数） | J1: 库存周转天数
A2: 产品1 | B2: =备货时间点!E3 -> 28 | C2: 60 | D2: 15 | E2: 90 | F2: 900 | G2: =备货时间点!G3 -> 762 | H2: =备货时间点!J3 -> 1000 | I2: =2*(B2*E2)/(F2+G2+H2) -> 1.8933133 | J2: =E2/I2 -> 47.535714
A3: 产品2 | B3: =备货时间点!E4 -> 43 | C3: 65 | D3: 18 | E3: 90 | F3: 1100 | G3: =备货时间点!G4 -> 1152 | H3: =备货时间点!J4 -> 1000 | I3: =2*(B3*E3)/(F3+G3+H3) -> 2.3800738 | J3: =E3/I3 -> 37.813953
B6: 库存周转率=销售成本/平均库存=（日均销量*计算周期*（工厂采购成本+头程运费））/（（(期初库存+FBA仓库所有库存+已发出的在途库存)*（工厂采购成本+头程运费））/2）
B7: 库存周转率=（2*（日均销量*计算周期））/（期初库存+总库存）
B9: 备注
B10: 绿色背景的列数据是函数，不需要更改，是自动生成的
B11: C列到F列的数据是根据自己的实际情况，手动填写的

Sheet Sheet2
B1: =备货时间点!A3 -> 产品1 | C1: =备货时间点!A4 -> 产品2 | K1: =备货时间点!A3 -> 产品1 | L1: =备货时间点!A4 -> 产品2 | T1: =备货时间点!A3 -> 产品1 | U1: =备货时间点!A4 -> 产品2
A2: 总库存售完日期 | B2: =备货时间点!P3 -> 46174.929 | C2: =备货时间点!P4 -> 46162.047 | J2: 最低可售天数要求 | K2: =备货时间点!W3+备货时间点!X3+备货时间点!Y3+备货时间点!L3 -> 59 | L2: =备货时间点!W4+备货时间点!X4+备货时间点!Y4+备货时间点!L4 -> 59 | S2: 最低库存数要求 | T2: =K2*备货时间点!E3 -> 1652 | U2: =L2*备货时间点!E4 -> 2537
A3: 最迟发货日期 （保证不断货） | B3: =备货时间点!R3 -> 46134.929 | C3: =备货时间点!R4 -> 46122.047 | J3: 总库存可售天数 | K3: =备货时间点!O3 -> 62.928571 | L3: =备货时间点!O4 -> 50.046512 | S3: 总库存 | T3: =备货时间点!N3 -> 1762 | U3: =备货时间点!N4 -> 2152
A4: 最迟补单日期 | B4: =备货时间点!Z3 -> 45539 | C4: =备货时间点!Z4 -> 45539
A5: 今天日期 | B5: =TODAY() -> 46112 | C5: =TODAY() -> 46112
